{
    "TIMESTAMP": "2026-03-18 09:07:55",
    "BEST_SCORE": 0.9766681203008175,
    "SAMPLES_USED": 10000,
    "TIRE_MODEL": {
        "SOFT": {
            "base_delta": -0.15874363030393002,
            "deg_linear": 0.14024719157009513,
            "deg_quadratic": 0.009724365406040204,
            "age_temp_interaction": 0.016616331118085744,
            "threshold": 6
        },
        "MEDIUM": {
            "base_delta": 0.5550894605004967,
            "deg_linear": 0.10071420557501921,
            "deg_quadratic": 0.003974700698208214,
            "age_temp_interaction": 0.006831774771392256,
            "threshold": 16
        },
        "HARD": {
            "base_delta": 0.7016315377992877,
            "deg_linear": 0.057102900401666094,
            "deg_quadratic": 0.0004562467245343919,
            "age_temp_interaction": 0.0008939049362084128,
            "threshold": 21
        }
    },
    "TEMP_REFERENCE_C": 11.749344908500206,
    "TEMP_SENSITIVITY": {
        "SOFT": -0.04481989509969723,
        "MEDIUM": -0.03304329655658238,
        "HARD": -0.016670789935408697
    }
}