{
    "TIMESTAMP": "2026-03-18 17:04:56",
    "BEST_SCORE": 16113.714419381788,
    "SAMPLES_USED": 100,
    "TIRE_MODEL": {
        "SOFT": {
            "base_delta": 0.5862702779504804,
            "deg_linear": 0.054763472074302696,
            "deg_quadratic": 0.012376784019777157,
            "age_temp_interaction": 0.014374472819960842,
            "threshold": 7
        },
        "MEDIUM": {
            "base_delta": 0.8898230582036403,
            "deg_linear": 0.09405738006770686,
            "deg_quadratic": 0.003930897802639697,
            "age_temp_interaction": 0.006714465294768269,
            "threshold": 18
        },
        "HARD": {
            "base_delta": 0.8279558609999702,
            "deg_linear": 0.043414807860441336,
            "deg_quadratic": 0.0016322110156126233,
            "age_temp_interaction": 0.003711594625010514,
            "threshold": 27
        }
    },
    "TEMP_REFERENCE_C": 11.115661523871976,
    "TEMP_SENSITIVITY": {
        "SOFT": -0.026288249073965615,
        "MEDIUM": -0.010480691191746815,
        "HARD": 0.013410042596542184
    }
}